{"initial_reset_timestamp": 1497342185.0212429, "timestamps": [1497342190.654291], "episode_lengths": [200], "episode_rewards": [200.0], "episode_types": ["t"]}